/* insert into `weight` SELECT NULL as 'weightNO', proxyServerNO, proxyServerName, proxyServerIDC, serverNO, serverName, serverIDC, serviceName, 0 as 'weight' FROM `proxyServer`, `feServer` */


-- phpMyAdmin SQL Dump
-- version 4.5.4.1deb2ubuntu2
-- http://www.phpmyadmin.net
--
-- Host: localhost
-- 생성 시간: 17-02-10 03:55
-- 서버 버전: 5.7.17-0ubuntu0.16.04.1-log
-- PHP 버전: 7.0.13-0ubuntu0.16.04.1

SET SQL_MODE = "NO_AUTO_VALUE_ON_ZERO";
SET time_zone = "+00:00";


/*!40101 SET @OLD_CHARACTER_SET_CLIENT=@@CHARACTER_SET_CLIENT */;
/*!40101 SET @OLD_CHARACTER_SET_RESULTS=@@CHARACTER_SET_RESULTS */;
/*!40101 SET @OLD_COLLATION_CONNECTION=@@COLLATION_CONNECTION */;
/*!40101 SET NAMES utf8mb4 */;

--
-- 데이터베이스: `proxyAPI`
--
CREATE DATABASE IF NOT EXISTS `proxyAPI` DEFAULT CHARACTER SET utf8 COLLATE utf8_unicode_ci;
USE `proxyAPI`;

-- --------------------------------------------------------

--
-- 테이블 구조 `apiConfig`
--

DROP TABLE IF EXISTS `apiConfig`;
CREATE TABLE IF NOT EXISTS `apiConfig` (
  `apiConfigNO` int(11) NOT NULL AUTO_INCREMENT,
  `fieldName` varchar(50) COLLATE utf8_unicode_ci NOT NULL,
  `configValue` varchar(50) COLLATE utf8_unicode_ci NOT NULL,
  PRIMARY KEY (`apiConfigNO`)
) ENGINE=InnoDB AUTO_INCREMENT=2 DEFAULT CHARSET=utf8 COLLATE=utf8_unicode_ci;

--
-- 삽입 전에 테이블 비우기 `apiConfig`
--

TRUNCATE TABLE `apiConfig`;
--
-- 테이블의 덤프 데이터 `apiConfig`
--

INSERT INTO `apiConfig` (`apiConfigNO`, `fieldName`, `configValue`) VALUES
(1, 'isOverIDC', '1');

-- --------------------------------------------------------

--
-- 테이블 구조 `feServer`
--

DROP TABLE IF EXISTS `feServer`;
CREATE TABLE IF NOT EXISTS `feServer` (
  `serverNO` int(11) NOT NULL AUTO_INCREMENT,
  `serverName` varchar(20) COLLATE utf8_unicode_ci NOT NULL,
  `serviceName` varchar(15) COLLATE utf8_unicode_ci NOT NULL,
  `serverIDC` varchar(2) COLLATE utf8_unicode_ci NOT NULL,
  PRIMARY KEY (`serverNO`)
) ENGINE=InnoDB AUTO_INCREMENT=87 DEFAULT CHARSET=utf8 COLLATE=utf8_unicode_ci;

--
-- 삽입 전에 테이블 비우기 `feServer`
--

TRUNCATE TABLE `feServer`;
--
-- 테이블의 덤프 데이터 `feServer`
--

INSERT INTO `feServer` (`serverNO`, `serverName`, `serviceName`, `serverIDC`) VALUES
(15, 'novafemkr01gm', 'fe_mobile_kr', 'gm'),
(16, 'novafemkr02gm', 'fe_mobile_kr', 'gm'),
(17, 'novafemkr03gm', 'fe_mobile_kr', 'gm'),
(18, 'novafemkr04gm', 'fe_mobile_kr', 'gm'),
(19, 'novafemkr05gm', 'fe_mobile_kr', 'gm'),
(20, 'novafemkr06gm', 'fe_mobile_kr', 'gm'),
(21, 'novafemkr01gh', 'fe_mobile_kr', 'gh'),
(22, 'novafemkr02gh', 'fe_mobile_kr', 'gh'),
(23, 'novafemkr03gh', 'fe_mobile_kr', 'gh'),
(24, 'novafemkr04gh', 'fe_mobile_kr', 'gh'),
(25, 'novafemkr05gh', 'fe_mobile_kr', 'gh'),
(26, 'novafemkr06gh', 'fe_mobile_kr', 'gh'),
(27, 'novafevtkr01gm', 'fe_mobile_kr_vt', 'gm'),
(28, 'novafevtkr02gm', 'fe_mobile_kr_vt', 'gm'),
(29, 'novafevtkr03gm', 'fe_mobile_kr_vt', 'gm'),
(30, 'novafevtkr04gm', 'fe_mobile_kr_vt', 'gm'),
(31, 'novafevtkr05gm', 'fe_mobile_kr_vt', 'gm'),
(32, 'novafevtkr06gm', 'fe_mobile_kr_vt', 'gm'),
(33, 'novafevtkr01gh', 'fe_mobile_kr_vt', 'gh'),
(34, 'novafevtkr02gh', 'fe_mobile_kr_vt', 'gh'),
(35, 'novafevtkr03gh', 'fe_mobile_kr_vt', 'gh'),
(36, 'novafevtkr04gh', 'fe_mobile_kr_vt', 'gh'),
(37, 'novafevtkr05gh', 'fe_mobile_kr_vt', 'gh'),
(38, 'novafevtkr06gh', 'fe_mobile_kr_vt', 'gh'),
(39, 'novafegl01gm', 'fe_mobile_gl', 'gm'),
(40, 'novafegl02gm', 'fe_mobile_gl', 'gm'),
(41, 'novafegl03gm', 'fe_mobile_gl', 'gm'),
(42, 'novafegl04gm', 'fe_mobile_gl', 'gm'),
(43, 'novafegl05gm', 'fe_mobile_gl', 'gm'),
(44, 'novafegl06gm', 'fe_mobile_gl', 'gm'),
(45, 'novafegl01gh', 'fe_mobile_gl', 'gh'),
(46, 'novafegl02gh', 'fe_mobile_gl', 'gh'),
(47, 'novafegl03gh', 'fe_mobile_gl', 'gh'),
(48, 'novafegl04gh', 'fe_mobile_gl', 'gh'),
(49, 'novafegl05gh', 'fe_mobile_gl', 'gh'),
(50, 'novafegl06gh', 'fe_mobile_gl', 'gh'),
(51, 'novafekr01gm', 'fe_pc_kr', 'gm'),
(52, 'novafekr02gm', 'fe_pc_kr', 'gm'),
(53, 'novafekr03gm', 'fe_pc_kr', 'gm'),
(54, 'novafekr04gm', 'fe_pc_kr', 'gm'),
(55, 'novafekr05gm', 'fe_pc_kr', 'gm'),
(56, 'novafekr06gm', 'fe_pc_kr', 'gm'),
(57, 'novafekr01gh', 'fe_pc_kr', 'gh'),
(58, 'novafekr02gh', 'fe_pc_kr', 'gh'),
(59, 'novafekr03gh', 'fe_pc_kr', 'gh'),
(60, 'novafekr04gh', 'fe_pc_kr', 'gh'),
(61, 'novafekr05gh', 'fe_pc_kr', 'gh'),
(62, 'novafekr06gh', 'fe_pc_kr', 'gh'),
(63, 'novafevtkr01gm', 'fe_pc_kr_vt', 'gm'),
(64, 'novafevtkr02gm', 'fe_pc_kr_vt', 'gm'),
(65, 'novafevtkr03gm', 'fe_pc_kr_vt', 'gm'),
(66, 'novafevtkr04gm', 'fe_pc_kr_vt', 'gm'),
(67, 'novafevtkr05gm', 'fe_pc_kr_vt', 'gm'),
(68, 'novafevtkr06gm', 'fe_pc_kr_vt', 'gm'),
(69, 'novafevtkr01gh', 'fe_pc_kr_vt', 'gh'),
(70, 'novafevtkr02gh', 'fe_pc_kr_vt', 'gh'),
(71, 'novafevtkr03gh', 'fe_pc_kr_vt', 'gh'),
(72, 'novafevtkr04gh', 'fe_pc_kr_vt', 'gh'),
(73, 'novafevtkr05gh', 'fe_pc_kr_vt', 'gh'),
(74, 'novafevtkr06gh', 'fe_pc_kr_vt', 'gh'),
(75, 'novafegl01gm', 'fe_pc_gl', 'gm'),
(76, 'novafegl02gm', 'fe_pc_gl', 'gm'),
(77, 'novafegl03gm', 'fe_pc_gl', 'gm'),
(78, 'novafegl04gm', 'fe_pc_gl', 'gm'),
(79, 'novafegl05gm', 'fe_pc_gl', 'gm'),
(80, 'novafegl06gm', 'fe_pc_gl', 'gm'),
(81, 'novafegl01gh', 'fe_pc_gl', 'gh'),
(82, 'novafegl02gh', 'fe_pc_gl', 'gh'),
(83, 'novafegl03gh', 'fe_pc_gl', 'gh'),
(84, 'novafegl04gh', 'fe_pc_gl', 'gh'),
(85, 'novafegl05gh', 'fe_pc_gl', 'gh'),
(86, 'novafegl06gh', 'fe_pc_gl', 'gh');

-- --------------------------------------------------------

--
-- 테이블 구조 `proxyServer`
--

DROP TABLE IF EXISTS `proxyServer`;
CREATE TABLE IF NOT EXISTS `proxyServer` (
  `proxyServerNO` int(11) NOT NULL AUTO_INCREMENT,
  `proxyServerName` varchar(15) COLLATE utf8_unicode_ci NOT NULL,
  `proxyServerIDC` varchar(2) COLLATE utf8_unicode_ci NOT NULL,
  `ip` varchar(20) COLLATE utf8_unicode_ci NOT NULL,
  PRIMARY KEY (`proxyServerNO`)
) ENGINE=InnoDB AUTO_INCREMENT=7 DEFAULT CHARSET=utf8 COLLATE=utf8_unicode_ci;

--
-- 삽입 전에 테이블 비우기 `proxyServer`
--

TRUNCATE TABLE `proxyServer`;
--
-- 테이블의 덤프 데이터 `proxyServer`
--

INSERT INTO `proxyServer` (`proxyServerNO`, `proxyServerName`, `proxyServerIDC`, `ip`) VALUES
(1, 'novafeprx01gm', 'gm', '172.30.221.49:4000'),
(2, 'novafeprx02gm', 'gm', '172.30.221.50:4000'),
(3, 'novafeprx03gm', 'gm', '172.30.211.252:4000'),
(4, 'novafeprx01gh', 'gh', '172.30.161.122:4000'),
(5, 'novafeprx02gh', 'gh', '172.30.161.123:4000'),
(6, 'novafeprx03gh', 'gh', '172.30.161.195:4000');

-- --------------------------------------------------------

--
-- 테이블 구조 `weight`
--

DROP TABLE IF EXISTS `weight`;
CREATE TABLE IF NOT EXISTS `weight` (
  `weightNO` int(11) NOT NULL AUTO_INCREMENT,
  `proxyServerNO` int(11) NOT NULL,
  `proxyServerName` varchar(15) COLLATE utf8_unicode_ci NOT NULL,
  `proxyServerIDC` varchar(2) COLLATE utf8_unicode_ci NOT NULL,
  `serverNO` int(11) NOT NULL,
  `serverName` varchar(15) COLLATE utf8_unicode_ci NOT NULL,
  `serverIDC` varchar(2) COLLATE utf8_unicode_ci NOT NULL,
  `serviceName` varchar(15) COLLATE utf8_unicode_ci NOT NULL,
  `weight` tinyint(4) NOT NULL,
  PRIMARY KEY (`weightNO`),
  KEY `weightNO` (`weightNO`,`proxyServerNO`,`serverNO`),
  KEY `weightNO_2` (`weightNO`),
  KEY `proxyNO` (`proxyServerNO`,`serverNO`)
) ENGINE=InnoDB AUTO_INCREMENT=1918 DEFAULT CHARSET=utf8 COLLATE=utf8_unicode_ci;

--
-- 삽입 전에 테이블 비우기 `weight`
--

TRUNCATE TABLE `weight`;
--
-- 테이블의 덤프 데이터 `weight`
--

INSERT INTO `weight` (`weightNO`, `proxyServerNO`, `proxyServerName`, `proxyServerIDC`, `serverNO`, `serverName`, `serverIDC`, `serviceName`, `weight`) VALUES
(1407, 1, 'novafeprx01gm', 'gm', 15, 'novafemkr01gm', 'gm', 'fe_mobile_kr', 1),
(1408, 2, 'novafeprx02gm', 'gm', 15, 'novafemkr01gm', 'gm', 'fe_mobile_kr', 1),
(1409, 3, 'novafeprx03gm', 'gm', 15, 'novafemkr01gm', 'gm', 'fe_mobile_kr', 1),
(1410, 4, 'novafeprx01gh', 'gh', 15, 'novafemkr01gm', 'gm', 'fe_mobile_kr', 0),
(1411, 5, 'novafeprx02gh', 'gh', 15, 'novafemkr01gm', 'gm', 'fe_mobile_kr', 0),
(1412, 6, 'novafeprx03gh', 'gh', 15, 'novafemkr01gm', 'gm', 'fe_mobile_kr', 0),
(1413, 1, 'novafeprx01gm', 'gm', 16, 'novafemkr02gm', 'gm', 'fe_mobile_kr', 1),
(1414, 2, 'novafeprx02gm', 'gm', 16, 'novafemkr02gm', 'gm', 'fe_mobile_kr', 1),
(1415, 3, 'novafeprx03gm', 'gm', 16, 'novafemkr02gm', 'gm', 'fe_mobile_kr', 1),
(1416, 4, 'novafeprx01gh', 'gh', 16, 'novafemkr02gm', 'gm', 'fe_mobile_kr', 0),
(1417, 5, 'novafeprx02gh', 'gh', 16, 'novafemkr02gm', 'gm', 'fe_mobile_kr', 0),
(1418, 6, 'novafeprx03gh', 'gh', 16, 'novafemkr02gm', 'gm', 'fe_mobile_kr', 0),
(1419, 1, 'novafeprx01gm', 'gm', 17, 'novafemkr03gm', 'gm', 'fe_mobile_kr', 1),
(1420, 2, 'novafeprx02gm', 'gm', 17, 'novafemkr03gm', 'gm', 'fe_mobile_kr', 1),
(1421, 3, 'novafeprx03gm', 'gm', 17, 'novafemkr03gm', 'gm', 'fe_mobile_kr', 1),
(1422, 4, 'novafeprx01gh', 'gh', 17, 'novafemkr03gm', 'gm', 'fe_mobile_kr', 0),
(1423, 5, 'novafeprx02gh', 'gh', 17, 'novafemkr03gm', 'gm', 'fe_mobile_kr', 0),
(1424, 6, 'novafeprx03gh', 'gh', 17, 'novafemkr03gm', 'gm', 'fe_mobile_kr', 0),
(1425, 1, 'novafeprx01gm', 'gm', 18, 'novafemkr04gm', 'gm', 'fe_mobile_kr', 1),
(1426, 2, 'novafeprx02gm', 'gm', 18, 'novafemkr04gm', 'gm', 'fe_mobile_kr', 1),
(1427, 3, 'novafeprx03gm', 'gm', 18, 'novafemkr04gm', 'gm', 'fe_mobile_kr', 1),
(1428, 4, 'novafeprx01gh', 'gh', 18, 'novafemkr04gm', 'gm', 'fe_mobile_kr', 0),
(1429, 5, 'novafeprx02gh', 'gh', 18, 'novafemkr04gm', 'gm', 'fe_mobile_kr', 0),
(1430, 6, 'novafeprx03gh', 'gh', 18, 'novafemkr04gm', 'gm', 'fe_mobile_kr', 0),
(1431, 1, 'novafeprx01gm', 'gm', 19, 'novafemkr05gm', 'gm', 'fe_mobile_kr', 1),
(1432, 2, 'novafeprx02gm', 'gm', 19, 'novafemkr05gm', 'gm', 'fe_mobile_kr', 1),
(1433, 3, 'novafeprx03gm', 'gm', 19, 'novafemkr05gm', 'gm', 'fe_mobile_kr', 1),
(1434, 4, 'novafeprx01gh', 'gh', 19, 'novafemkr05gm', 'gm', 'fe_mobile_kr', 0),
(1435, 5, 'novafeprx02gh', 'gh', 19, 'novafemkr05gm', 'gm', 'fe_mobile_kr', 0),
(1436, 6, 'novafeprx03gh', 'gh', 19, 'novafemkr05gm', 'gm', 'fe_mobile_kr', 0),
(1437, 1, 'novafeprx01gm', 'gm', 20, 'novafemkr06gm', 'gm', 'fe_mobile_kr', 1),
(1438, 2, 'novafeprx02gm', 'gm', 20, 'novafemkr06gm', 'gm', 'fe_mobile_kr', 1),
(1439, 3, 'novafeprx03gm', 'gm', 20, 'novafemkr06gm', 'gm', 'fe_mobile_kr', 1),
(1440, 4, 'novafeprx01gh', 'gh', 20, 'novafemkr06gm', 'gm', 'fe_mobile_kr', 0),
(1441, 5, 'novafeprx02gh', 'gh', 20, 'novafemkr06gm', 'gm', 'fe_mobile_kr', 0),
(1442, 6, 'novafeprx03gh', 'gh', 20, 'novafemkr06gm', 'gm', 'fe_mobile_kr', 0),
(1443, 1, 'novafeprx01gm', 'gm', 21, 'novafemkr01gh', 'gh', 'fe_mobile_kr', 0),
(1444, 2, 'novafeprx02gm', 'gm', 21, 'novafemkr01gh', 'gh', 'fe_mobile_kr', 0),
(1445, 3, 'novafeprx03gm', 'gm', 21, 'novafemkr01gh', 'gh', 'fe_mobile_kr', 0),
(1446, 4, 'novafeprx01gh', 'gh', 21, 'novafemkr01gh', 'gh', 'fe_mobile_kr', 1),
(1447, 5, 'novafeprx02gh', 'gh', 21, 'novafemkr01gh', 'gh', 'fe_mobile_kr', 1),
(1448, 6, 'novafeprx03gh', 'gh', 21, 'novafemkr01gh', 'gh', 'fe_mobile_kr', 1),
(1449, 1, 'novafeprx01gm', 'gm', 22, 'novafemkr02gh', 'gh', 'fe_mobile_kr', 0),
(1450, 2, 'novafeprx02gm', 'gm', 22, 'novafemkr02gh', 'gh', 'fe_mobile_kr', 0),
(1451, 3, 'novafeprx03gm', 'gm', 22, 'novafemkr02gh', 'gh', 'fe_mobile_kr', 0),
(1452, 4, 'novafeprx01gh', 'gh', 22, 'novafemkr02gh', 'gh', 'fe_mobile_kr', 1),
(1453, 5, 'novafeprx02gh', 'gh', 22, 'novafemkr02gh', 'gh', 'fe_mobile_kr', 1),
(1454, 6, 'novafeprx03gh', 'gh', 22, 'novafemkr02gh', 'gh', 'fe_mobile_kr', 1),
(1455, 1, 'novafeprx01gm', 'gm', 23, 'novafemkr03gh', 'gh', 'fe_mobile_kr', 0),
(1456, 2, 'novafeprx02gm', 'gm', 23, 'novafemkr03gh', 'gh', 'fe_mobile_kr', 0),
(1457, 3, 'novafeprx03gm', 'gm', 23, 'novafemkr03gh', 'gh', 'fe_mobile_kr', 0),
(1458, 4, 'novafeprx01gh', 'gh', 23, 'novafemkr03gh', 'gh', 'fe_mobile_kr', 1),
(1459, 5, 'novafeprx02gh', 'gh', 23, 'novafemkr03gh', 'gh', 'fe_mobile_kr', 1),
(1460, 6, 'novafeprx03gh', 'gh', 23, 'novafemkr03gh', 'gh', 'fe_mobile_kr', 1),
(1461, 1, 'novafeprx01gm', 'gm', 24, 'novafemkr04gh', 'gh', 'fe_mobile_kr', 0),
(1462, 2, 'novafeprx02gm', 'gm', 24, 'novafemkr04gh', 'gh', 'fe_mobile_kr', 0),
(1463, 3, 'novafeprx03gm', 'gm', 24, 'novafemkr04gh', 'gh', 'fe_mobile_kr', 0),
(1464, 4, 'novafeprx01gh', 'gh', 24, 'novafemkr04gh', 'gh', 'fe_mobile_kr', 1),
(1465, 5, 'novafeprx02gh', 'gh', 24, 'novafemkr04gh', 'gh', 'fe_mobile_kr', 1),
(1466, 6, 'novafeprx03gh', 'gh', 24, 'novafemkr04gh', 'gh', 'fe_mobile_kr', 1),
(1467, 1, 'novafeprx01gm', 'gm', 25, 'novafemkr05gh', 'gh', 'fe_mobile_kr', 0),
(1468, 2, 'novafeprx02gm', 'gm', 25, 'novafemkr05gh', 'gh', 'fe_mobile_kr', 0),
(1469, 3, 'novafeprx03gm', 'gm', 25, 'novafemkr05gh', 'gh', 'fe_mobile_kr', 0),
(1470, 4, 'novafeprx01gh', 'gh', 25, 'novafemkr05gh', 'gh', 'fe_mobile_kr', 1),
(1471, 5, 'novafeprx02gh', 'gh', 25, 'novafemkr05gh', 'gh', 'fe_mobile_kr', 1),
(1472, 6, 'novafeprx03gh', 'gh', 25, 'novafemkr05gh', 'gh', 'fe_mobile_kr', 1),
(1473, 1, 'novafeprx01gm', 'gm', 26, 'novafemkr06gh', 'gh', 'fe_mobile_kr', 0),
(1474, 2, 'novafeprx02gm', 'gm', 26, 'novafemkr06gh', 'gh', 'fe_mobile_kr', 0),
(1475, 3, 'novafeprx03gm', 'gm', 26, 'novafemkr06gh', 'gh', 'fe_mobile_kr', 0),
(1476, 4, 'novafeprx01gh', 'gh', 26, 'novafemkr06gh', 'gh', 'fe_mobile_kr', 1),
(1477, 5, 'novafeprx02gh', 'gh', 26, 'novafemkr06gh', 'gh', 'fe_mobile_kr', 1),
(1478, 6, 'novafeprx03gh', 'gh', 26, 'novafemkr06gh', 'gh', 'fe_mobile_kr', 1),
(1479, 1, 'novafeprx01gm', 'gm', 27, 'novafevtkr01gm', 'gm', 'fe_mobile_kr_vt', 1),
(1480, 2, 'novafeprx02gm', 'gm', 27, 'novafevtkr01gm', 'gm', 'fe_mobile_kr_vt', 1),
(1481, 3, 'novafeprx03gm', 'gm', 27, 'novafevtkr01gm', 'gm', 'fe_mobile_kr_vt', 1),
(1482, 4, 'novafeprx01gh', 'gh', 27, 'novafevtkr01gm', 'gm', 'fe_mobile_kr_vt', 0),
(1483, 5, 'novafeprx02gh', 'gh', 27, 'novafevtkr01gm', 'gm', 'fe_mobile_kr_vt', 0),
(1484, 6, 'novafeprx03gh', 'gh', 27, 'novafevtkr01gm', 'gm', 'fe_mobile_kr_vt', 0),
(1485, 1, 'novafeprx01gm', 'gm', 28, 'novafevtkr02gm', 'gm', 'fe_mobile_kr_vt', 1),
(1486, 2, 'novafeprx02gm', 'gm', 28, 'novafevtkr02gm', 'gm', 'fe_mobile_kr_vt', 1),
(1487, 3, 'novafeprx03gm', 'gm', 28, 'novafevtkr02gm', 'gm', 'fe_mobile_kr_vt', 1),
(1488, 4, 'novafeprx01gh', 'gh', 28, 'novafevtkr02gm', 'gm', 'fe_mobile_kr_vt', 0),
(1489, 5, 'novafeprx02gh', 'gh', 28, 'novafevtkr02gm', 'gm', 'fe_mobile_kr_vt', 0),
(1490, 6, 'novafeprx03gh', 'gh', 28, 'novafevtkr02gm', 'gm', 'fe_mobile_kr_vt', 0),
(1491, 1, 'novafeprx01gm', 'gm', 29, 'novafevtkr03gm', 'gm', 'fe_mobile_kr_vt', 1),
(1492, 2, 'novafeprx02gm', 'gm', 29, 'novafevtkr03gm', 'gm', 'fe_mobile_kr_vt', 1),
(1493, 3, 'novafeprx03gm', 'gm', 29, 'novafevtkr03gm', 'gm', 'fe_mobile_kr_vt', 1),
(1494, 4, 'novafeprx01gh', 'gh', 29, 'novafevtkr03gm', 'gm', 'fe_mobile_kr_vt', 0),
(1495, 5, 'novafeprx02gh', 'gh', 29, 'novafevtkr03gm', 'gm', 'fe_mobile_kr_vt', 0),
(1496, 6, 'novafeprx03gh', 'gh', 29, 'novafevtkr03gm', 'gm', 'fe_mobile_kr_vt', 0),
(1497, 1, 'novafeprx01gm', 'gm', 30, 'novafevtkr04gm', 'gm', 'fe_mobile_kr_vt', 1),
(1498, 2, 'novafeprx02gm', 'gm', 30, 'novafevtkr04gm', 'gm', 'fe_mobile_kr_vt', 1),
(1499, 3, 'novafeprx03gm', 'gm', 30, 'novafevtkr04gm', 'gm', 'fe_mobile_kr_vt', 1),
(1500, 4, 'novafeprx01gh', 'gh', 30, 'novafevtkr04gm', 'gm', 'fe_mobile_kr_vt', 0),
(1501, 5, 'novafeprx02gh', 'gh', 30, 'novafevtkr04gm', 'gm', 'fe_mobile_kr_vt', 0),
(1502, 6, 'novafeprx03gh', 'gh', 30, 'novafevtkr04gm', 'gm', 'fe_mobile_kr_vt', 0),
(1503, 1, 'novafeprx01gm', 'gm', 31, 'novafevtkr05gm', 'gm', 'fe_mobile_kr_vt', 1),
(1504, 2, 'novafeprx02gm', 'gm', 31, 'novafevtkr05gm', 'gm', 'fe_mobile_kr_vt', 1),
(1505, 3, 'novafeprx03gm', 'gm', 31, 'novafevtkr05gm', 'gm', 'fe_mobile_kr_vt', 1),
(1506, 4, 'novafeprx01gh', 'gh', 31, 'novafevtkr05gm', 'gm', 'fe_mobile_kr_vt', 0),
(1507, 5, 'novafeprx02gh', 'gh', 31, 'novafevtkr05gm', 'gm', 'fe_mobile_kr_vt', 0),
(1508, 6, 'novafeprx03gh', 'gh', 31, 'novafevtkr05gm', 'gm', 'fe_mobile_kr_vt', 0),
(1509, 1, 'novafeprx01gm', 'gm', 32, 'novafevtkr06gm', 'gm', 'fe_mobile_kr_vt', 1),
(1510, 2, 'novafeprx02gm', 'gm', 32, 'novafevtkr06gm', 'gm', 'fe_mobile_kr_vt', 1),
(1511, 3, 'novafeprx03gm', 'gm', 32, 'novafevtkr06gm', 'gm', 'fe_mobile_kr_vt', 1),
(1512, 4, 'novafeprx01gh', 'gh', 32, 'novafevtkr06gm', 'gm', 'fe_mobile_kr_vt', 0),
(1513, 5, 'novafeprx02gh', 'gh', 32, 'novafevtkr06gm', 'gm', 'fe_mobile_kr_vt', 0),
(1514, 6, 'novafeprx03gh', 'gh', 32, 'novafevtkr06gm', 'gm', 'fe_mobile_kr_vt', 0),
(1515, 1, 'novafeprx01gm', 'gm', 33, 'novafevtkr01gh', 'gh', 'fe_mobile_kr_vt', 0),
(1516, 2, 'novafeprx02gm', 'gm', 33, 'novafevtkr01gh', 'gh', 'fe_mobile_kr_vt', 0),
(1517, 3, 'novafeprx03gm', 'gm', 33, 'novafevtkr01gh', 'gh', 'fe_mobile_kr_vt', 0),
(1518, 4, 'novafeprx01gh', 'gh', 33, 'novafevtkr01gh', 'gh', 'fe_mobile_kr_vt', 1),
(1519, 5, 'novafeprx02gh', 'gh', 33, 'novafevtkr01gh', 'gh', 'fe_mobile_kr_vt', 1),
(1520, 6, 'novafeprx03gh', 'gh', 33, 'novafevtkr01gh', 'gh', 'fe_mobile_kr_vt', 1),
(1521, 1, 'novafeprx01gm', 'gm', 34, 'novafevtkr02gh', 'gh', 'fe_mobile_kr_vt', 0),
(1522, 2, 'novafeprx02gm', 'gm', 34, 'novafevtkr02gh', 'gh', 'fe_mobile_kr_vt', 0),
(1523, 3, 'novafeprx03gm', 'gm', 34, 'novafevtkr02gh', 'gh', 'fe_mobile_kr_vt', 0),
(1524, 4, 'novafeprx01gh', 'gh', 34, 'novafevtkr02gh', 'gh', 'fe_mobile_kr_vt', 1),
(1525, 5, 'novafeprx02gh', 'gh', 34, 'novafevtkr02gh', 'gh', 'fe_mobile_kr_vt', 1),
(1526, 6, 'novafeprx03gh', 'gh', 34, 'novafevtkr02gh', 'gh', 'fe_mobile_kr_vt', 1),
(1527, 1, 'novafeprx01gm', 'gm', 35, 'novafevtkr03gh', 'gh', 'fe_mobile_kr_vt', 0),
(1528, 2, 'novafeprx02gm', 'gm', 35, 'novafevtkr03gh', 'gh', 'fe_mobile_kr_vt', 0),
(1529, 3, 'novafeprx03gm', 'gm', 35, 'novafevtkr03gh', 'gh', 'fe_mobile_kr_vt', 0),
(1530, 4, 'novafeprx01gh', 'gh', 35, 'novafevtkr03gh', 'gh', 'fe_mobile_kr_vt', 1),
(1531, 5, 'novafeprx02gh', 'gh', 35, 'novafevtkr03gh', 'gh', 'fe_mobile_kr_vt', 1),
(1532, 6, 'novafeprx03gh', 'gh', 35, 'novafevtkr03gh', 'gh', 'fe_mobile_kr_vt', 1),
(1533, 1, 'novafeprx01gm', 'gm', 36, 'novafevtkr04gh', 'gh', 'fe_mobile_kr_vt', 0),
(1534, 2, 'novafeprx02gm', 'gm', 36, 'novafevtkr04gh', 'gh', 'fe_mobile_kr_vt', 0),
(1535, 3, 'novafeprx03gm', 'gm', 36, 'novafevtkr04gh', 'gh', 'fe_mobile_kr_vt', 0),
(1536, 4, 'novafeprx01gh', 'gh', 36, 'novafevtkr04gh', 'gh', 'fe_mobile_kr_vt', 1),
(1537, 5, 'novafeprx02gh', 'gh', 36, 'novafevtkr04gh', 'gh', 'fe_mobile_kr_vt', 1),
(1538, 6, 'novafeprx03gh', 'gh', 36, 'novafevtkr04gh', 'gh', 'fe_mobile_kr_vt', 1),
(1539, 1, 'novafeprx01gm', 'gm', 37, 'novafevtkr05gh', 'gh', 'fe_mobile_kr_vt', 0),
(1540, 2, 'novafeprx02gm', 'gm', 37, 'novafevtkr05gh', 'gh', 'fe_mobile_kr_vt', 0),
(1541, 3, 'novafeprx03gm', 'gm', 37, 'novafevtkr05gh', 'gh', 'fe_mobile_kr_vt', 0),
(1542, 4, 'novafeprx01gh', 'gh', 37, 'novafevtkr05gh', 'gh', 'fe_mobile_kr_vt', 1),
(1543, 5, 'novafeprx02gh', 'gh', 37, 'novafevtkr05gh', 'gh', 'fe_mobile_kr_vt', 1),
(1544, 6, 'novafeprx03gh', 'gh', 37, 'novafevtkr05gh', 'gh', 'fe_mobile_kr_vt', 1),
(1545, 1, 'novafeprx01gm', 'gm', 38, 'novafevtkr06gh', 'gh', 'fe_mobile_kr_vt', 0),
(1546, 2, 'novafeprx02gm', 'gm', 38, 'novafevtkr06gh', 'gh', 'fe_mobile_kr_vt', 0),
(1547, 3, 'novafeprx03gm', 'gm', 38, 'novafevtkr06gh', 'gh', 'fe_mobile_kr_vt', 0),
(1548, 4, 'novafeprx01gh', 'gh', 38, 'novafevtkr06gh', 'gh', 'fe_mobile_kr_vt', 1),
(1549, 5, 'novafeprx02gh', 'gh', 38, 'novafevtkr06gh', 'gh', 'fe_mobile_kr_vt', 1),
(1550, 6, 'novafeprx03gh', 'gh', 38, 'novafevtkr06gh', 'gh', 'fe_mobile_kr_vt', 1),
(1551, 1, 'novafeprx01gm', 'gm', 39, 'novafegl01gm', 'gm', 'fe_mobile_gl', 1),
(1552, 2, 'novafeprx02gm', 'gm', 39, 'novafegl01gm', 'gm', 'fe_mobile_gl', 1),
(1553, 3, 'novafeprx03gm', 'gm', 39, 'novafegl01gm', 'gm', 'fe_mobile_gl', 1),
(1554, 4, 'novafeprx01gh', 'gh', 39, 'novafegl01gm', 'gm', 'fe_mobile_gl', 0),
(1555, 5, 'novafeprx02gh', 'gh', 39, 'novafegl01gm', 'gm', 'fe_mobile_gl', 0),
(1556, 6, 'novafeprx03gh', 'gh', 39, 'novafegl01gm', 'gm', 'fe_mobile_gl', 0),
(1557, 1, 'novafeprx01gm', 'gm', 40, 'novafegl02gm', 'gm', 'fe_mobile_gl', 1),
(1558, 2, 'novafeprx02gm', 'gm', 40, 'novafegl02gm', 'gm', 'fe_mobile_gl', 1),
(1559, 3, 'novafeprx03gm', 'gm', 40, 'novafegl02gm', 'gm', 'fe_mobile_gl', 1),
(1560, 4, 'novafeprx01gh', 'gh', 40, 'novafegl02gm', 'gm', 'fe_mobile_gl', 0),
(1561, 5, 'novafeprx02gh', 'gh', 40, 'novafegl02gm', 'gm', 'fe_mobile_gl', 0),
(1562, 6, 'novafeprx03gh', 'gh', 40, 'novafegl02gm', 'gm', 'fe_mobile_gl', 0),
(1563, 1, 'novafeprx01gm', 'gm', 41, 'novafegl03gm', 'gm', 'fe_mobile_gl', 1),
(1564, 2, 'novafeprx02gm', 'gm', 41, 'novafegl03gm', 'gm', 'fe_mobile_gl', 1),
(1565, 3, 'novafeprx03gm', 'gm', 41, 'novafegl03gm', 'gm', 'fe_mobile_gl', 1),
(1566, 4, 'novafeprx01gh', 'gh', 41, 'novafegl03gm', 'gm', 'fe_mobile_gl', 0),
(1567, 5, 'novafeprx02gh', 'gh', 41, 'novafegl03gm', 'gm', 'fe_mobile_gl', 0),
(1568, 6, 'novafeprx03gh', 'gh', 41, 'novafegl03gm', 'gm', 'fe_mobile_gl', 0),
(1569, 1, 'novafeprx01gm', 'gm', 42, 'novafegl04gm', 'gm', 'fe_mobile_gl', 1),
(1570, 2, 'novafeprx02gm', 'gm', 42, 'novafegl04gm', 'gm', 'fe_mobile_gl', 1),
(1571, 3, 'novafeprx03gm', 'gm', 42, 'novafegl04gm', 'gm', 'fe_mobile_gl', 1),
(1572, 4, 'novafeprx01gh', 'gh', 42, 'novafegl04gm', 'gm', 'fe_mobile_gl', 0),
(1573, 5, 'novafeprx02gh', 'gh', 42, 'novafegl04gm', 'gm', 'fe_mobile_gl', 0),
(1574, 6, 'novafeprx03gh', 'gh', 42, 'novafegl04gm', 'gm', 'fe_mobile_gl', 0),
(1575, 1, 'novafeprx01gm', 'gm', 43, 'novafegl05gm', 'gm', 'fe_mobile_gl', 1),
(1576, 2, 'novafeprx02gm', 'gm', 43, 'novafegl05gm', 'gm', 'fe_mobile_gl', 1),
(1577, 3, 'novafeprx03gm', 'gm', 43, 'novafegl05gm', 'gm', 'fe_mobile_gl', 1),
(1578, 4, 'novafeprx01gh', 'gh', 43, 'novafegl05gm', 'gm', 'fe_mobile_gl', 0),
(1579, 5, 'novafeprx02gh', 'gh', 43, 'novafegl05gm', 'gm', 'fe_mobile_gl', 0),
(1580, 6, 'novafeprx03gh', 'gh', 43, 'novafegl05gm', 'gm', 'fe_mobile_gl', 0),
(1581, 1, 'novafeprx01gm', 'gm', 44, 'novafegl06gm', 'gm', 'fe_mobile_gl', 1),
(1582, 2, 'novafeprx02gm', 'gm', 44, 'novafegl06gm', 'gm', 'fe_mobile_gl', 1),
(1583, 3, 'novafeprx03gm', 'gm', 44, 'novafegl06gm', 'gm', 'fe_mobile_gl', 1),
(1584, 4, 'novafeprx01gh', 'gh', 44, 'novafegl06gm', 'gm', 'fe_mobile_gl', 0),
(1585, 5, 'novafeprx02gh', 'gh', 44, 'novafegl06gm', 'gm', 'fe_mobile_gl', 0),
(1586, 6, 'novafeprx03gh', 'gh', 44, 'novafegl06gm', 'gm', 'fe_mobile_gl', 0),
(1587, 1, 'novafeprx01gm', 'gm', 45, 'novafegl01gh', 'gh', 'fe_mobile_gl', 0),
(1588, 2, 'novafeprx02gm', 'gm', 45, 'novafegl01gh', 'gh', 'fe_mobile_gl', 0),
(1589, 3, 'novafeprx03gm', 'gm', 45, 'novafegl01gh', 'gh', 'fe_mobile_gl', 0),
(1590, 4, 'novafeprx01gh', 'gh', 45, 'novafegl01gh', 'gh', 'fe_mobile_gl', 1),
(1591, 5, 'novafeprx02gh', 'gh', 45, 'novafegl01gh', 'gh', 'fe_mobile_gl', 1),
(1592, 6, 'novafeprx03gh', 'gh', 45, 'novafegl01gh', 'gh', 'fe_mobile_gl', 1),
(1593, 1, 'novafeprx01gm', 'gm', 46, 'novafegl02gh', 'gh', 'fe_mobile_gl', 0),
(1594, 2, 'novafeprx02gm', 'gm', 46, 'novafegl02gh', 'gh', 'fe_mobile_gl', 0),
(1595, 3, 'novafeprx03gm', 'gm', 46, 'novafegl02gh', 'gh', 'fe_mobile_gl', 0),
(1596, 4, 'novafeprx01gh', 'gh', 46, 'novafegl02gh', 'gh', 'fe_mobile_gl', 1),
(1597, 5, 'novafeprx02gh', 'gh', 46, 'novafegl02gh', 'gh', 'fe_mobile_gl', 1),
(1598, 6, 'novafeprx03gh', 'gh', 46, 'novafegl02gh', 'gh', 'fe_mobile_gl', 1),
(1599, 1, 'novafeprx01gm', 'gm', 47, 'novafegl03gh', 'gh', 'fe_mobile_gl', 0),
(1600, 2, 'novafeprx02gm', 'gm', 47, 'novafegl03gh', 'gh', 'fe_mobile_gl', 0),
(1601, 3, 'novafeprx03gm', 'gm', 47, 'novafegl03gh', 'gh', 'fe_mobile_gl', 0),
(1602, 4, 'novafeprx01gh', 'gh', 47, 'novafegl03gh', 'gh', 'fe_mobile_gl', 1),
(1603, 5, 'novafeprx02gh', 'gh', 47, 'novafegl03gh', 'gh', 'fe_mobile_gl', 1),
(1604, 6, 'novafeprx03gh', 'gh', 47, 'novafegl03gh', 'gh', 'fe_mobile_gl', 1),
(1605, 1, 'novafeprx01gm', 'gm', 48, 'novafegl04gh', 'gh', 'fe_mobile_gl', 0),
(1606, 2, 'novafeprx02gm', 'gm', 48, 'novafegl04gh', 'gh', 'fe_mobile_gl', 0),
(1607, 3, 'novafeprx03gm', 'gm', 48, 'novafegl04gh', 'gh', 'fe_mobile_gl', 0),
(1608, 4, 'novafeprx01gh', 'gh', 48, 'novafegl04gh', 'gh', 'fe_mobile_gl', 1),
(1609, 5, 'novafeprx02gh', 'gh', 48, 'novafegl04gh', 'gh', 'fe_mobile_gl', 1),
(1610, 6, 'novafeprx03gh', 'gh', 48, 'novafegl04gh', 'gh', 'fe_mobile_gl', 1),
(1611, 1, 'novafeprx01gm', 'gm', 49, 'novafegl05gh', 'gh', 'fe_mobile_gl', 0),
(1612, 2, 'novafeprx02gm', 'gm', 49, 'novafegl05gh', 'gh', 'fe_mobile_gl', 0),
(1613, 3, 'novafeprx03gm', 'gm', 49, 'novafegl05gh', 'gh', 'fe_mobile_gl', 0),
(1614, 4, 'novafeprx01gh', 'gh', 49, 'novafegl05gh', 'gh', 'fe_mobile_gl', 1),
(1615, 5, 'novafeprx02gh', 'gh', 49, 'novafegl05gh', 'gh', 'fe_mobile_gl', 1),
(1616, 6, 'novafeprx03gh', 'gh', 49, 'novafegl05gh', 'gh', 'fe_mobile_gl', 1),
(1617, 1, 'novafeprx01gm', 'gm', 50, 'novafegl06gh', 'gh', 'fe_mobile_gl', 0),
(1618, 2, 'novafeprx02gm', 'gm', 50, 'novafegl06gh', 'gh', 'fe_mobile_gl', 0),
(1619, 3, 'novafeprx03gm', 'gm', 50, 'novafegl06gh', 'gh', 'fe_mobile_gl', 0),
(1620, 4, 'novafeprx01gh', 'gh', 50, 'novafegl06gh', 'gh', 'fe_mobile_gl', 1),
(1621, 5, 'novafeprx02gh', 'gh', 50, 'novafegl06gh', 'gh', 'fe_mobile_gl', 1),
(1622, 6, 'novafeprx03gh', 'gh', 50, 'novafegl06gh', 'gh', 'fe_mobile_gl', 1),
(1623, 1, 'novafeprx01gm', 'gm', 51, 'novafekr01gm', 'gm', 'fe_pc_kr', 1),
(1624, 2, 'novafeprx02gm', 'gm', 51, 'novafekr01gm', 'gm', 'fe_pc_kr', 1),
(1625, 3, 'novafeprx03gm', 'gm', 51, 'novafekr01gm', 'gm', 'fe_pc_kr', 1),
(1626, 4, 'novafeprx01gh', 'gh', 51, 'novafekr01gm', 'gm', 'fe_pc_kr', 0),
(1627, 5, 'novafeprx02gh', 'gh', 51, 'novafekr01gm', 'gm', 'fe_pc_kr', 0),
(1628, 6, 'novafeprx03gh', 'gh', 51, 'novafekr01gm', 'gm', 'fe_pc_kr', 0),
(1629, 1, 'novafeprx01gm', 'gm', 52, 'novafekr02gm', 'gm', 'fe_pc_kr', 1),
(1630, 2, 'novafeprx02gm', 'gm', 52, 'novafekr02gm', 'gm', 'fe_pc_kr', 1),
(1631, 3, 'novafeprx03gm', 'gm', 52, 'novafekr02gm', 'gm', 'fe_pc_kr', 1),
(1632, 4, 'novafeprx01gh', 'gh', 52, 'novafekr02gm', 'gm', 'fe_pc_kr', 0),
(1633, 5, 'novafeprx02gh', 'gh', 52, 'novafekr02gm', 'gm', 'fe_pc_kr', 0),
(1634, 6, 'novafeprx03gh', 'gh', 52, 'novafekr02gm', 'gm', 'fe_pc_kr', 0),
(1635, 1, 'novafeprx01gm', 'gm', 53, 'novafekr03gm', 'gm', 'fe_pc_kr', 1),
(1636, 2, 'novafeprx02gm', 'gm', 53, 'novafekr03gm', 'gm', 'fe_pc_kr', 1),
(1637, 3, 'novafeprx03gm', 'gm', 53, 'novafekr03gm', 'gm', 'fe_pc_kr', 1),
(1638, 4, 'novafeprx01gh', 'gh', 53, 'novafekr03gm', 'gm', 'fe_pc_kr', 0),
(1639, 5, 'novafeprx02gh', 'gh', 53, 'novafekr03gm', 'gm', 'fe_pc_kr', 0),
(1640, 6, 'novafeprx03gh', 'gh', 53, 'novafekr03gm', 'gm', 'fe_pc_kr', 0),
(1641, 1, 'novafeprx01gm', 'gm', 54, 'novafekr04gm', 'gm', 'fe_pc_kr', 1),
(1642, 2, 'novafeprx02gm', 'gm', 54, 'novafekr04gm', 'gm', 'fe_pc_kr', 1),
(1643, 3, 'novafeprx03gm', 'gm', 54, 'novafekr04gm', 'gm', 'fe_pc_kr', 1),
(1644, 4, 'novafeprx01gh', 'gh', 54, 'novafekr04gm', 'gm', 'fe_pc_kr', 0),
(1645, 5, 'novafeprx02gh', 'gh', 54, 'novafekr04gm', 'gm', 'fe_pc_kr', 0),
(1646, 6, 'novafeprx03gh', 'gh', 54, 'novafekr04gm', 'gm', 'fe_pc_kr', 0),
(1647, 1, 'novafeprx01gm', 'gm', 55, 'novafekr05gm', 'gm', 'fe_pc_kr', 1),
(1648, 2, 'novafeprx02gm', 'gm', 55, 'novafekr05gm', 'gm', 'fe_pc_kr', 1),
(1649, 3, 'novafeprx03gm', 'gm', 55, 'novafekr05gm', 'gm', 'fe_pc_kr', 1),
(1650, 4, 'novafeprx01gh', 'gh', 55, 'novafekr05gm', 'gm', 'fe_pc_kr', 0),
(1651, 5, 'novafeprx02gh', 'gh', 55, 'novafekr05gm', 'gm', 'fe_pc_kr', 0),
(1652, 6, 'novafeprx03gh', 'gh', 55, 'novafekr05gm', 'gm', 'fe_pc_kr', 0),
(1653, 1, 'novafeprx01gm', 'gm', 56, 'novafekr06gm', 'gm', 'fe_pc_kr', 1),
(1654, 2, 'novafeprx02gm', 'gm', 56, 'novafekr06gm', 'gm', 'fe_pc_kr', 1),
(1655, 3, 'novafeprx03gm', 'gm', 56, 'novafekr06gm', 'gm', 'fe_pc_kr', 1),
(1656, 4, 'novafeprx01gh', 'gh', 56, 'novafekr06gm', 'gm', 'fe_pc_kr', 0),
(1657, 5, 'novafeprx02gh', 'gh', 56, 'novafekr06gm', 'gm', 'fe_pc_kr', 0),
(1658, 6, 'novafeprx03gh', 'gh', 56, 'novafekr06gm', 'gm', 'fe_pc_kr', 0),
(1659, 1, 'novafeprx01gm', 'gm', 57, 'novafekr01gh', 'gh', 'fe_pc_kr', 0),
(1660, 2, 'novafeprx02gm', 'gm', 57, 'novafekr01gh', 'gh', 'fe_pc_kr', 0),
(1661, 3, 'novafeprx03gm', 'gm', 57, 'novafekr01gh', 'gh', 'fe_pc_kr', 0),
(1662, 4, 'novafeprx01gh', 'gh', 57, 'novafekr01gh', 'gh', 'fe_pc_kr', 1),
(1663, 5, 'novafeprx02gh', 'gh', 57, 'novafekr01gh', 'gh', 'fe_pc_kr', 1),
(1664, 6, 'novafeprx03gh', 'gh', 57, 'novafekr01gh', 'gh', 'fe_pc_kr', 1),
(1665, 1, 'novafeprx01gm', 'gm', 58, 'novafekr02gh', 'gh', 'fe_pc_kr', 0),
(1666, 2, 'novafeprx02gm', 'gm', 58, 'novafekr02gh', 'gh', 'fe_pc_kr', 0),
(1667, 3, 'novafeprx03gm', 'gm', 58, 'novafekr02gh', 'gh', 'fe_pc_kr', 0),
(1668, 4, 'novafeprx01gh', 'gh', 58, 'novafekr02gh', 'gh', 'fe_pc_kr', 1),
(1669, 5, 'novafeprx02gh', 'gh', 58, 'novafekr02gh', 'gh', 'fe_pc_kr', 1),
(1670, 6, 'novafeprx03gh', 'gh', 58, 'novafekr02gh', 'gh', 'fe_pc_kr', 1),
(1671, 1, 'novafeprx01gm', 'gm', 59, 'novafekr03gh', 'gh', 'fe_pc_kr', 0),
(1672, 2, 'novafeprx02gm', 'gm', 59, 'novafekr03gh', 'gh', 'fe_pc_kr', 0),
(1673, 3, 'novafeprx03gm', 'gm', 59, 'novafekr03gh', 'gh', 'fe_pc_kr', 0),
(1674, 4, 'novafeprx01gh', 'gh', 59, 'novafekr03gh', 'gh', 'fe_pc_kr', 1),
(1675, 5, 'novafeprx02gh', 'gh', 59, 'novafekr03gh', 'gh', 'fe_pc_kr', 1),
(1676, 6, 'novafeprx03gh', 'gh', 59, 'novafekr03gh', 'gh', 'fe_pc_kr', 1),
(1677, 1, 'novafeprx01gm', 'gm', 60, 'novafekr04gh', 'gh', 'fe_pc_kr', 0),
(1678, 2, 'novafeprx02gm', 'gm', 60, 'novafekr04gh', 'gh', 'fe_pc_kr', 0),
(1679, 3, 'novafeprx03gm', 'gm', 60, 'novafekr04gh', 'gh', 'fe_pc_kr', 0),
(1680, 4, 'novafeprx01gh', 'gh', 60, 'novafekr04gh', 'gh', 'fe_pc_kr', 1),
(1681, 5, 'novafeprx02gh', 'gh', 60, 'novafekr04gh', 'gh', 'fe_pc_kr', 1),
(1682, 6, 'novafeprx03gh', 'gh', 60, 'novafekr04gh', 'gh', 'fe_pc_kr', 1),
(1683, 1, 'novafeprx01gm', 'gm', 61, 'novafekr05gh', 'gh', 'fe_pc_kr', 0),
(1684, 2, 'novafeprx02gm', 'gm', 61, 'novafekr05gh', 'gh', 'fe_pc_kr', 0),
(1685, 3, 'novafeprx03gm', 'gm', 61, 'novafekr05gh', 'gh', 'fe_pc_kr', 0),
(1686, 4, 'novafeprx01gh', 'gh', 61, 'novafekr05gh', 'gh', 'fe_pc_kr', 1),
(1687, 5, 'novafeprx02gh', 'gh', 61, 'novafekr05gh', 'gh', 'fe_pc_kr', 1),
(1688, 6, 'novafeprx03gh', 'gh', 61, 'novafekr05gh', 'gh', 'fe_pc_kr', 1),
(1689, 1, 'novafeprx01gm', 'gm', 62, 'novafekr06gh', 'gh', 'fe_pc_kr', 0),
(1690, 2, 'novafeprx02gm', 'gm', 62, 'novafekr06gh', 'gh', 'fe_pc_kr', 0),
(1691, 3, 'novafeprx03gm', 'gm', 62, 'novafekr06gh', 'gh', 'fe_pc_kr', 0),
(1692, 4, 'novafeprx01gh', 'gh', 62, 'novafekr06gh', 'gh', 'fe_pc_kr', 1),
(1693, 5, 'novafeprx02gh', 'gh', 62, 'novafekr06gh', 'gh', 'fe_pc_kr', 1),
(1694, 6, 'novafeprx03gh', 'gh', 62, 'novafekr06gh', 'gh', 'fe_pc_kr', 1),
(1695, 1, 'novafeprx01gm', 'gm', 63, 'novafevtkr01gm', 'gm', 'fe_pc_kr_vt', 1),
(1696, 2, 'novafeprx02gm', 'gm', 63, 'novafevtkr01gm', 'gm', 'fe_pc_kr_vt', 1),
(1697, 3, 'novafeprx03gm', 'gm', 63, 'novafevtkr01gm', 'gm', 'fe_pc_kr_vt', 1),
(1698, 4, 'novafeprx01gh', 'gh', 63, 'novafevtkr01gm', 'gm', 'fe_pc_kr_vt', 0),
(1699, 5, 'novafeprx02gh', 'gh', 63, 'novafevtkr01gm', 'gm', 'fe_pc_kr_vt', 0),
(1700, 6, 'novafeprx03gh', 'gh', 63, 'novafevtkr01gm', 'gm', 'fe_pc_kr_vt', 0),
(1701, 1, 'novafeprx01gm', 'gm', 64, 'novafevtkr02gm', 'gm', 'fe_pc_kr_vt', 1),
(1702, 2, 'novafeprx02gm', 'gm', 64, 'novafevtkr02gm', 'gm', 'fe_pc_kr_vt', 1),
(1703, 3, 'novafeprx03gm', 'gm', 64, 'novafevtkr02gm', 'gm', 'fe_pc_kr_vt', 1),
(1704, 4, 'novafeprx01gh', 'gh', 64, 'novafevtkr02gm', 'gm', 'fe_pc_kr_vt', 0),
(1705, 5, 'novafeprx02gh', 'gh', 64, 'novafevtkr02gm', 'gm', 'fe_pc_kr_vt', 0),
(1706, 6, 'novafeprx03gh', 'gh', 64, 'novafevtkr02gm', 'gm', 'fe_pc_kr_vt', 0),
(1707, 1, 'novafeprx01gm', 'gm', 65, 'novafevtkr03gm', 'gm', 'fe_pc_kr_vt', 1),
(1708, 2, 'novafeprx02gm', 'gm', 65, 'novafevtkr03gm', 'gm', 'fe_pc_kr_vt', 1),
(1709, 3, 'novafeprx03gm', 'gm', 65, 'novafevtkr03gm', 'gm', 'fe_pc_kr_vt', 1),
(1710, 4, 'novafeprx01gh', 'gh', 65, 'novafevtkr03gm', 'gm', 'fe_pc_kr_vt', 0),
(1711, 5, 'novafeprx02gh', 'gh', 65, 'novafevtkr03gm', 'gm', 'fe_pc_kr_vt', 0),
(1712, 6, 'novafeprx03gh', 'gh', 65, 'novafevtkr03gm', 'gm', 'fe_pc_kr_vt', 0),
(1713, 1, 'novafeprx01gm', 'gm', 66, 'novafevtkr04gm', 'gm', 'fe_pc_kr_vt', 1),
(1714, 2, 'novafeprx02gm', 'gm', 66, 'novafevtkr04gm', 'gm', 'fe_pc_kr_vt', 1),
(1715, 3, 'novafeprx03gm', 'gm', 66, 'novafevtkr04gm', 'gm', 'fe_pc_kr_vt', 1),
(1716, 4, 'novafeprx01gh', 'gh', 66, 'novafevtkr04gm', 'gm', 'fe_pc_kr_vt', 0),
(1717, 5, 'novafeprx02gh', 'gh', 66, 'novafevtkr04gm', 'gm', 'fe_pc_kr_vt', 0),
(1718, 6, 'novafeprx03gh', 'gh', 66, 'novafevtkr04gm', 'gm', 'fe_pc_kr_vt', 0),
(1719, 1, 'novafeprx01gm', 'gm', 67, 'novafevtkr05gm', 'gm', 'fe_pc_kr_vt', 1),
(1720, 2, 'novafeprx02gm', 'gm', 67, 'novafevtkr05gm', 'gm', 'fe_pc_kr_vt', 1),
(1721, 3, 'novafeprx03gm', 'gm', 67, 'novafevtkr05gm', 'gm', 'fe_pc_kr_vt', 1),
(1722, 4, 'novafeprx01gh', 'gh', 67, 'novafevtkr05gm', 'gm', 'fe_pc_kr_vt', 0),
(1723, 5, 'novafeprx02gh', 'gh', 67, 'novafevtkr05gm', 'gm', 'fe_pc_kr_vt', 0),
(1724, 6, 'novafeprx03gh', 'gh', 67, 'novafevtkr05gm', 'gm', 'fe_pc_kr_vt', 0),
(1725, 1, 'novafeprx01gm', 'gm', 68, 'novafevtkr06gm', 'gm', 'fe_pc_kr_vt', 1),
(1726, 2, 'novafeprx02gm', 'gm', 68, 'novafevtkr06gm', 'gm', 'fe_pc_kr_vt', 1),
(1727, 3, 'novafeprx03gm', 'gm', 68, 'novafevtkr06gm', 'gm', 'fe_pc_kr_vt', 1),
(1728, 4, 'novafeprx01gh', 'gh', 68, 'novafevtkr06gm', 'gm', 'fe_pc_kr_vt', 0),
(1729, 5, 'novafeprx02gh', 'gh', 68, 'novafevtkr06gm', 'gm', 'fe_pc_kr_vt', 0),
(1730, 6, 'novafeprx03gh', 'gh', 68, 'novafevtkr06gm', 'gm', 'fe_pc_kr_vt', 0),
(1731, 1, 'novafeprx01gm', 'gm', 69, 'novafevtkr01gh', 'gh', 'fe_pc_kr_vt', 0),
(1732, 2, 'novafeprx02gm', 'gm', 69, 'novafevtkr01gh', 'gh', 'fe_pc_kr_vt', 0),
(1733, 3, 'novafeprx03gm', 'gm', 69, 'novafevtkr01gh', 'gh', 'fe_pc_kr_vt', 0),
(1734, 4, 'novafeprx01gh', 'gh', 69, 'novafevtkr01gh', 'gh', 'fe_pc_kr_vt', 1),
(1735, 5, 'novafeprx02gh', 'gh', 69, 'novafevtkr01gh', 'gh', 'fe_pc_kr_vt', 1),
(1736, 6, 'novafeprx03gh', 'gh', 69, 'novafevtkr01gh', 'gh', 'fe_pc_kr_vt', 1),
(1737, 1, 'novafeprx01gm', 'gm', 70, 'novafevtkr02gh', 'gh', 'fe_pc_kr_vt', 0),
(1738, 2, 'novafeprx02gm', 'gm', 70, 'novafevtkr02gh', 'gh', 'fe_pc_kr_vt', 0),
(1739, 3, 'novafeprx03gm', 'gm', 70, 'novafevtkr02gh', 'gh', 'fe_pc_kr_vt', 0),
(1740, 4, 'novafeprx01gh', 'gh', 70, 'novafevtkr02gh', 'gh', 'fe_pc_kr_vt', 1),
(1741, 5, 'novafeprx02gh', 'gh', 70, 'novafevtkr02gh', 'gh', 'fe_pc_kr_vt', 1),
(1742, 6, 'novafeprx03gh', 'gh', 70, 'novafevtkr02gh', 'gh', 'fe_pc_kr_vt', 1),
(1743, 1, 'novafeprx01gm', 'gm', 71, 'novafevtkr03gh', 'gh', 'fe_pc_kr_vt', 0),
(1744, 2, 'novafeprx02gm', 'gm', 71, 'novafevtkr03gh', 'gh', 'fe_pc_kr_vt', 0),
(1745, 3, 'novafeprx03gm', 'gm', 71, 'novafevtkr03gh', 'gh', 'fe_pc_kr_vt', 0),
(1746, 4, 'novafeprx01gh', 'gh', 71, 'novafevtkr03gh', 'gh', 'fe_pc_kr_vt', 1),
(1747, 5, 'novafeprx02gh', 'gh', 71, 'novafevtkr03gh', 'gh', 'fe_pc_kr_vt', 1),
(1748, 6, 'novafeprx03gh', 'gh', 71, 'novafevtkr03gh', 'gh', 'fe_pc_kr_vt', 1),
(1749, 1, 'novafeprx01gm', 'gm', 72, 'novafevtkr04gh', 'gh', 'fe_pc_kr_vt', 0),
(1750, 2, 'novafeprx02gm', 'gm', 72, 'novafevtkr04gh', 'gh', 'fe_pc_kr_vt', 0),
(1751, 3, 'novafeprx03gm', 'gm', 72, 'novafevtkr04gh', 'gh', 'fe_pc_kr_vt', 0),
(1752, 4, 'novafeprx01gh', 'gh', 72, 'novafevtkr04gh', 'gh', 'fe_pc_kr_vt', 1),
(1753, 5, 'novafeprx02gh', 'gh', 72, 'novafevtkr04gh', 'gh', 'fe_pc_kr_vt', 1),
(1754, 6, 'novafeprx03gh', 'gh', 72, 'novafevtkr04gh', 'gh', 'fe_pc_kr_vt', 1),
(1755, 1, 'novafeprx01gm', 'gm', 73, 'novafevtkr05gh', 'gh', 'fe_pc_kr_vt', 0),
(1756, 2, 'novafeprx02gm', 'gm', 73, 'novafevtkr05gh', 'gh', 'fe_pc_kr_vt', 0),
(1757, 3, 'novafeprx03gm', 'gm', 73, 'novafevtkr05gh', 'gh', 'fe_pc_kr_vt', 0),
(1758, 4, 'novafeprx01gh', 'gh', 73, 'novafevtkr05gh', 'gh', 'fe_pc_kr_vt', 1),
(1759, 5, 'novafeprx02gh', 'gh', 73, 'novafevtkr05gh', 'gh', 'fe_pc_kr_vt', 1),
(1760, 6, 'novafeprx03gh', 'gh', 73, 'novafevtkr05gh', 'gh', 'fe_pc_kr_vt', 1),
(1761, 1, 'novafeprx01gm', 'gm', 74, 'novafevtkr06gh', 'gh', 'fe_pc_kr_vt', 0),
(1762, 2, 'novafeprx02gm', 'gm', 74, 'novafevtkr06gh', 'gh', 'fe_pc_kr_vt', 0),
(1763, 3, 'novafeprx03gm', 'gm', 74, 'novafevtkr06gh', 'gh', 'fe_pc_kr_vt', 0),
(1764, 4, 'novafeprx01gh', 'gh', 74, 'novafevtkr06gh', 'gh', 'fe_pc_kr_vt', 1),
(1765, 5, 'novafeprx02gh', 'gh', 74, 'novafevtkr06gh', 'gh', 'fe_pc_kr_vt', 1),
(1766, 6, 'novafeprx03gh', 'gh', 74, 'novafevtkr06gh', 'gh', 'fe_pc_kr_vt', 1),
(1767, 1, 'novafeprx01gm', 'gm', 75, 'novafegl01gm', 'gm', 'fe_pc_gl', 1),
(1768, 2, 'novafeprx02gm', 'gm', 75, 'novafegl01gm', 'gm', 'fe_pc_gl', 1),
(1769, 3, 'novafeprx03gm', 'gm', 75, 'novafegl01gm', 'gm', 'fe_pc_gl', 1),
(1770, 4, 'novafeprx01gh', 'gh', 75, 'novafegl01gm', 'gm', 'fe_pc_gl', 0),
(1771, 5, 'novafeprx02gh', 'gh', 75, 'novafegl01gm', 'gm', 'fe_pc_gl', 0),
(1772, 6, 'novafeprx03gh', 'gh', 75, 'novafegl01gm', 'gm', 'fe_pc_gl', 0),
(1773, 1, 'novafeprx01gm', 'gm', 76, 'novafegl02gm', 'gm', 'fe_pc_gl', 1),
(1774, 2, 'novafeprx02gm', 'gm', 76, 'novafegl02gm', 'gm', 'fe_pc_gl', 1),
(1775, 3, 'novafeprx03gm', 'gm', 76, 'novafegl02gm', 'gm', 'fe_pc_gl', 1),
(1776, 4, 'novafeprx01gh', 'gh', 76, 'novafegl02gm', 'gm', 'fe_pc_gl', 0),
(1777, 5, 'novafeprx02gh', 'gh', 76, 'novafegl02gm', 'gm', 'fe_pc_gl', 0),
(1778, 6, 'novafeprx03gh', 'gh', 76, 'novafegl02gm', 'gm', 'fe_pc_gl', 0),
(1779, 1, 'novafeprx01gm', 'gm', 77, 'novafegl03gm', 'gm', 'fe_pc_gl', 1),
(1780, 2, 'novafeprx02gm', 'gm', 77, 'novafegl03gm', 'gm', 'fe_pc_gl', 1),
(1781, 3, 'novafeprx03gm', 'gm', 77, 'novafegl03gm', 'gm', 'fe_pc_gl', 1),
(1782, 4, 'novafeprx01gh', 'gh', 77, 'novafegl03gm', 'gm', 'fe_pc_gl', 0),
(1783, 5, 'novafeprx02gh', 'gh', 77, 'novafegl03gm', 'gm', 'fe_pc_gl', 0),
(1784, 6, 'novafeprx03gh', 'gh', 77, 'novafegl03gm', 'gm', 'fe_pc_gl', 0),
(1785, 1, 'novafeprx01gm', 'gm', 78, 'novafegl04gm', 'gm', 'fe_pc_gl', 1),
(1786, 2, 'novafeprx02gm', 'gm', 78, 'novafegl04gm', 'gm', 'fe_pc_gl', 1),
(1787, 3, 'novafeprx03gm', 'gm', 78, 'novafegl04gm', 'gm', 'fe_pc_gl', 1),
(1788, 4, 'novafeprx01gh', 'gh', 78, 'novafegl04gm', 'gm', 'fe_pc_gl', 0),
(1789, 5, 'novafeprx02gh', 'gh', 78, 'novafegl04gm', 'gm', 'fe_pc_gl', 0),
(1790, 6, 'novafeprx03gh', 'gh', 78, 'novafegl04gm', 'gm', 'fe_pc_gl', 0),
(1791, 1, 'novafeprx01gm', 'gm', 79, 'novafegl05gm', 'gm', 'fe_pc_gl', 1),
(1792, 2, 'novafeprx02gm', 'gm', 79, 'novafegl05gm', 'gm', 'fe_pc_gl', 1),
(1793, 3, 'novafeprx03gm', 'gm', 79, 'novafegl05gm', 'gm', 'fe_pc_gl', 1),
(1794, 4, 'novafeprx01gh', 'gh', 79, 'novafegl05gm', 'gm', 'fe_pc_gl', 0),
(1795, 5, 'novafeprx02gh', 'gh', 79, 'novafegl05gm', 'gm', 'fe_pc_gl', 0),
(1796, 6, 'novafeprx03gh', 'gh', 79, 'novafegl05gm', 'gm', 'fe_pc_gl', 0),
(1797, 1, 'novafeprx01gm', 'gm', 80, 'novafegl06gm', 'gm', 'fe_pc_gl', 1),
(1798, 2, 'novafeprx02gm', 'gm', 80, 'novafegl06gm', 'gm', 'fe_pc_gl', 1),
(1799, 3, 'novafeprx03gm', 'gm', 80, 'novafegl06gm', 'gm', 'fe_pc_gl', 1),
(1800, 4, 'novafeprx01gh', 'gh', 80, 'novafegl06gm', 'gm', 'fe_pc_gl', 0),
(1801, 5, 'novafeprx02gh', 'gh', 80, 'novafegl06gm', 'gm', 'fe_pc_gl', 0),
(1802, 6, 'novafeprx03gh', 'gh', 80, 'novafegl06gm', 'gm', 'fe_pc_gl', 0),
(1803, 1, 'novafeprx01gm', 'gm', 81, 'novafegl01gh', 'gh', 'fe_pc_gl', 0),
(1804, 2, 'novafeprx02gm', 'gm', 81, 'novafegl01gh', 'gh', 'fe_pc_gl', 0),
(1805, 3, 'novafeprx03gm', 'gm', 81, 'novafegl01gh', 'gh', 'fe_pc_gl', 0),
(1806, 4, 'novafeprx01gh', 'gh', 81, 'novafegl01gh', 'gh', 'fe_pc_gl', 1),
(1807, 5, 'novafeprx02gh', 'gh', 81, 'novafegl01gh', 'gh', 'fe_pc_gl', 1),
(1808, 6, 'novafeprx03gh', 'gh', 81, 'novafegl01gh', 'gh', 'fe_pc_gl', 1),
(1809, 1, 'novafeprx01gm', 'gm', 82, 'novafegl02gh', 'gh', 'fe_pc_gl', 0),
(1810, 2, 'novafeprx02gm', 'gm', 82, 'novafegl02gh', 'gh', 'fe_pc_gl', 0),
(1811, 3, 'novafeprx03gm', 'gm', 82, 'novafegl02gh', 'gh', 'fe_pc_gl', 0),
(1812, 4, 'novafeprx01gh', 'gh', 82, 'novafegl02gh', 'gh', 'fe_pc_gl', 1),
(1813, 5, 'novafeprx02gh', 'gh', 82, 'novafegl02gh', 'gh', 'fe_pc_gl', 1),
(1814, 6, 'novafeprx03gh', 'gh', 82, 'novafegl02gh', 'gh', 'fe_pc_gl', 1),
(1815, 1, 'novafeprx01gm', 'gm', 83, 'novafegl03gh', 'gh', 'fe_pc_gl', 0),
(1816, 2, 'novafeprx02gm', 'gm', 83, 'novafegl03gh', 'gh', 'fe_pc_gl', 0),
(1817, 3, 'novafeprx03gm', 'gm', 83, 'novafegl03gh', 'gh', 'fe_pc_gl', 0),
(1818, 4, 'novafeprx01gh', 'gh', 83, 'novafegl03gh', 'gh', 'fe_pc_gl', 1),
(1819, 5, 'novafeprx02gh', 'gh', 83, 'novafegl03gh', 'gh', 'fe_pc_gl', 1),
(1820, 6, 'novafeprx03gh', 'gh', 83, 'novafegl03gh', 'gh', 'fe_pc_gl', 1),
(1821, 1, 'novafeprx01gm', 'gm', 84, 'novafegl04gh', 'gh', 'fe_pc_gl', 0),
(1822, 2, 'novafeprx02gm', 'gm', 84, 'novafegl04gh', 'gh', 'fe_pc_gl', 0),
(1823, 3, 'novafeprx03gm', 'gm', 84, 'novafegl04gh', 'gh', 'fe_pc_gl', 0),
(1824, 4, 'novafeprx01gh', 'gh', 84, 'novafegl04gh', 'gh', 'fe_pc_gl', 1),
(1825, 5, 'novafeprx02gh', 'gh', 84, 'novafegl04gh', 'gh', 'fe_pc_gl', 1),
(1826, 6, 'novafeprx03gh', 'gh', 84, 'novafegl04gh', 'gh', 'fe_pc_gl', 1),
(1827, 1, 'novafeprx01gm', 'gm', 85, 'novafegl05gh', 'gh', 'fe_pc_gl', 0),
(1828, 2, 'novafeprx02gm', 'gm', 85, 'novafegl05gh', 'gh', 'fe_pc_gl', 0),
(1829, 3, 'novafeprx03gm', 'gm', 85, 'novafegl05gh', 'gh', 'fe_pc_gl', 0),
(1830, 4, 'novafeprx01gh', 'gh', 85, 'novafegl05gh', 'gh', 'fe_pc_gl', 1),
(1831, 5, 'novafeprx02gh', 'gh', 85, 'novafegl05gh', 'gh', 'fe_pc_gl', 1),
(1832, 6, 'novafeprx03gh', 'gh', 85, 'novafegl05gh', 'gh', 'fe_pc_gl', 1),
(1833, 1, 'novafeprx01gm', 'gm', 86, 'novafegl06gh', 'gh', 'fe_pc_gl', 0),
(1834, 2, 'novafeprx02gm', 'gm', 86, 'novafegl06gh', 'gh', 'fe_pc_gl', 0),
(1835, 3, 'novafeprx03gm', 'gm', 86, 'novafegl06gh', 'gh', 'fe_pc_gl', 0),
(1836, 4, 'novafeprx01gh', 'gh', 86, 'novafegl06gh', 'gh', 'fe_pc_gl', 1),
(1837, 5, 'novafeprx02gh', 'gh', 86, 'novafegl06gh', 'gh', 'fe_pc_gl', 1),
(1838, 6, 'novafeprx03gh', 'gh', 86, 'novafegl06gh', 'gh', 'fe_pc_gl', 1);

/*!40101 SET CHARACTER_SET_CLIENT=@OLD_CHARACTER_SET_CLIENT */;
/*!40101 SET CHARACTER_SET_RESULTS=@OLD_CHARACTER_SET_RESULTS */;
/*!40101 SET COLLATION_CONNECTION=@OLD_COLLATION_CONNECTION */;
